{
    "fluentMethods": true,
    "relationships": [],
    "fields": [
        {
            "fieldName": "title",
            "fieldType": "String",
            "fieldValidateRules": [
                "required"
            ]
        },
        {
            "fieldName": "due",
            "fieldType": "ZonedDateTime",
            "fieldValidateRules": [
                "required"
            ]
        }
    ],
    "changelogDate": "20161020194624",
    "javadoc": "Task entity.@author The JHipster team.",
    "entityTableName": "homework",
    "dto": "no",
    "pagination": "no",
    "service": "no"
}