{
  "generator-jhipster": {
    "jhipsterVersion": "3.9.1",
    "baseName": "CSX278_Midterm",
    "packageName": "com.mycompany.myapp",
    "packageFolder": "com/mycompany/myapp",
    "serverPort": "8080",
    "authenticationType": "session",
    "hibernateCache": "ehcache",
    "clusteredHttpSession": false,
    "websocket": false,
    "databaseType": "sql",
    "devDatabaseType": "h2Disk",
    "prodDatabaseType": "mysql",
    "searchEngine": false,
    "messageBroker": false,
    "buildTool": "gradle",
    "enableSocialSignIn": false,
    "rememberMeKey": "18d684f7c323789262bc4f6d90de82e30f1591c2",
    "useSass": false,
    "applicationType": "monolith",
    "testFrameworks": [],
    "jhiPrefix": "jhi",
    "enableTranslation": false
  }
}